{
  "images" : [
    {
      "idiom" : "universal",
      "filename" : "1471670754_alarm_alert_clock_event_history_schedule_time_watch.png",
      "scale" : "1x"
    },
    {
      "idiom" : "universal",
      "filename" : "1471670754_alarm_alert_clock_event_history_schedule_time_watch@2x.png",
      "scale" : "2x"
    },
    {
      "idiom" : "universal",
      "filename" : "1471670754_alarm_alert_clock_event_history_schedule_time_watch@3x.png",
      "scale" : "3x"
    }
  ],
  "info" : {
    "version" : 1,
    "author" : "xcode"
  }
}