{
  "images" : [
    {
      "idiom" : "universal",
      "filename" : "1471670759_bubble_chat_comment_message_outline_talk.png",
      "scale" : "1x"
    },
    {
      "idiom" : "universal",
      "filename" : "1471670759_bubble_chat_comment_message_outline_talk@2x.png",
      "scale" : "2x"
    },
    {
      "idiom" : "universal",
      "filename" : "1471670759_bubble_chat_comment_message_outline_talk@3x.png",
      "scale" : "3x"
    }
  ],
  "info" : {
    "version" : 1,
    "author" : "xcode"
  }
}