{
  "images" : [
    {
      "idiom" : "universal",
      "filename" : "1471670773_bell_sound_notification_remind_reminder_ring_ringing_schedule.png",
      "scale" : "1x"
    },
    {
      "idiom" : "universal",
      "filename" : "1471670773_bell_sound_notification_remind_reminder_ring_ringing_schedule@2x.png",
      "scale" : "2x"
    },
    {
      "idiom" : "universal",
      "filename" : "1471670773_bell_sound_notification_remind_reminder_ring_ringing_schedule@3x.png",
      "scale" : "3x"
    }
  ],
  "info" : {
    "version" : 1,
    "author" : "xcode"
  }
}