{
  "images" : [
    {
      "idiom" : "universal",
      "filename" : "1471670777_account_friend_human_man_member_person_profile_user_users.png",
      "scale" : "1x"
    },
    {
      "idiom" : "universal",
      "filename" : "1471670777_account_friend_human_man_member_person_profile_user_users@2x.png",
      "scale" : "2x"
    },
    {
      "idiom" : "universal",
      "filename" : "1471670777_account_friend_human_man_member_person_profile_user_users@3x.png",
      "scale" : "3x"
    }
  ],
  "info" : {
    "version" : 1,
    "author" : "xcode"
  }
}